{"sauces":["ec1883cd-5cd6-4183-a184-0e19fa0c580c"],"membre":"55ae897c-e464-40ae-a63f-ebd5fec05b0f","estDonnee":true,"numero":2,"momentRealisation":1504466788710,"supplementBoisson":"fa03180b-95ad-4a5b-84f2-cbdc2beae920","moment":1504461457857,"boisson":"f1831583-ef73-43da-b7d7-10e40b03d1be","momentAssignation":1504461473728,"dessert":"2712fae2-1524-4c83-bd77-ccb37e699d1e","estRealisee":true,"ingredients":["5733b3d0-6dde-4178-a3f4-79e94457df39","39454373-5e39-47ba-aa4d-e0dfbbb824aa"],"plat":"07526da0-5dec-4b4e-8bcd-54ac424b99fb","assignee":true}