{"sauces":["3c597aa0-5a68-4a89-98eb-a03cbd384161"],"membre":"111dde72-4f05-4bc9-a7ab-2fafac03954b","estDonnee":false,"numero":3,"momentRealisation":1504467060047,"supplementBoisson":"fa03180b-95ad-4a5b-84f2-cbdc2beae920","moment":1504461463680,"boisson":"f1831583-ef73-43da-b7d7-10e40b03d1be","momentAssignation":1504461479716,"dessert":"2712fae2-1524-4c83-bd77-ccb37e699d1e","estRealisee":true,"ingredients":["c38f6c78-50cf-4617-8d93-ec2a7f6aac8c"],"plat":"497e39ff-1d02-4dfb-94b1-fe46a3b326f3","assignee":true}