{"sauces":["ec1883cd-5cd6-4183-a184-0e19fa0c580c"],"membre":"55ae897c-e464-40ae-a63f-ebd5fec05b0f","estDonnee":true,"numero":5,"momentRealisation":1504466792957,"supplementBoisson":"fa03180b-95ad-4a5b-84f2-cbdc2beae920","moment":1504465628577,"boisson":"f1831583-ef73-43da-b7d7-10e40b03d1be","momentAssignation":1504466788999,"dessert":"8d57ef38-60cb-48ce-9ba9-9b53f4689d3c","estRealisee":true,"ingredients":["a9645f8b-e0b2-4efd-9782-b818dd11bd16","5e920d8b-983d-4e06-b372-589b58a18feb"],"plat":"497e39ff-1d02-4dfb-94b1-fe46a3b326f3","assignee":true}