{"sauces":["f55e9ab4-478e-4a7b-a86c-1d3647310a84"],"membre":"55ae897c-e464-40ae-a63f-ebd5fec05b0f","estDonnee":false,"numero":6,"momentRealisation":0,"supplementBoisson":"fa03180b-95ad-4a5b-84f2-cbdc2beae920","moment":1504466786659,"boisson":"19e5431e-a848-4774-b548-306cfb1cd224","momentAssignation":1504466793135,"dessert":"9a69e34e-105f-4cbc-98ac-03e76f950162","estRealisee":false,"ingredients":["5e920d8b-983d-4e06-b372-589b58a18feb","39454373-5e39-47ba-aa4d-e0dfbbb824aa"],"plat":"497e39ff-1d02-4dfb-94b1-fe46a3b326f3","assignee":true}